year,month,national_avg_spend_eur
2024,12,100.0
2025,1,112.73
2025,2,131.17
2025,3,163.9
2025,4,177.63
2025,5,181.57
2025,6,190.81
2025,7,200.0
2025,8,177.17
2025,9,172.34
2025,10,126.29
2025,11,117.84
2025,12,104.44
2026,1,114.73
2026,2,142.89
2026,3,167.09
